Airline,Callsign,Name,Country Code
AAL,AMERICAN,American Airlines,USA
AMF,AMFLIGHT,Ameriflight,USA
ASA,ALASKA,Alaska Airlines,USA
DPJ,JET CARD,,GA
EJA,EXECJET,NetJets,USA
FDX,FEDEX,FEDERAL EXPRESS,USA
FFL,FORE FLIGHT,,GA
GAJ,GAMA JET,,GA
JBU,JET BLUE,JetBlue Airways,USA
JSX,BIG STRIPE,JSX (JetSuiteX),USA
LXJ,FLEXJET,Flexjet,USA
NFX,SUNSET,,GA
NKS,SPIRIT WINGS,Spirit Airlines,USA
SKW,SKY WEST,SkyWest Airlines,USA
SWA,SOUTHWEST,Southwest Airlines,USA
TWY,TWILIGHT,,GA
UAL,UNITED,United Airlines,USA
UPS,U P S,United Parcel Service,USA
VXP,AVELO,Avelo Airlines,USA
