Airline,Callsign,Name,Country Code
AAL,AMERICAN,American Airlines,USA
AAY,ALLEGIANT,Allegiant Air,USA
ACA,AIR CANADA,Air Canada,CAN
AMX,AEROMEXICO,AeroMexico,MEX
ASA,ALASKA,Alaska Airlines,USA
BAW,SPEED BIRD,British Airways,GBR
CMP,COPA,Copa Airlines,PAN
DAL,DELTA,Delta Air Lines,USA
DAT,DAUNTLESS,Lynx Air,CAN
DOW,DOWN TOWN,,GA
DRL,DRILLER,,GA
EDG,JET EDGE,,GA
EJA,EXECJET,NetJets,USA
EJM,JET SPEED,,GA
FDX,FEDEX,FEDERAL EXPRESS,USA
FFT,FRONTIER FLIGHT,Frontier Airlines,USA
FLE,FLAIR,Flair Airlines,CAN
FTH,FOOT HILLS,,GA
GAJ,GAMA JET,,GA
GTI,GIANT,Atlas Air,USA
HAL,HAWAIIAN,Hawaiian Airlines,USA
HRT,CHART RIGHT,,GA
JBU,JET BLUE,JetBlue Airways,USA
JIT,JET IT,,GA
JRE,JET SHARE,,GA
JSL,SELECT JET,,GA
JSX,BIG STRIPE,JSX (JetSuiteX),USA
KAL,KOREAN AIR,Korean Air,PRK
KPO,KRYPTO,,GA
LET,MEXALE,,GA
LXJ,FLEXJET,Flexjet,USA
MXY,MOXY,Breeze Airways,USA
N605DD,JET CARD,,GA
NKS,SPIRIT WINGS,Spirit Airlines,USA
NOJ,NOVA JET,,GA
OKC,THUNDER WINGS,,GA
PAT,PAT,,GA
PCM,PAC VALLEY,Westair Industries,USA
PEG,PEG JET,,GA
QQE,Q REX,,GA
ROU,ROUGE,AIR CANADA ROUGE,CAN
SCX,SUN COUNTRY,Sun Country Airlines,USA
SJA,SAWYER,,GA
SKW,SKY WEST,SkyWest Airlines,USA
SLH,SILVER HAWK,,GA
SNC,NIGHT CARGO,Air Cargo Carriers,USA
SWA,SOUTHWEST,Southwest Airlines,USA
TIV,THRIVE,,GA
TMB,VOLATO,,GA
TWY,TWILIGHT,,GA
UAL,UNITED,United Airlines,USA
UPS,U P S,United Parcel Service,USA
VIR,VIRGIN,Virgin Atlantic Airways,GBR
VIV,VIAABVA,VivaAerobus,MEX
VOI,VOLARIS,Volaris,MEX
VTE,VOLUNTEER,,GA
WJA,WEST JET,WestJet,CAN
WSN,WINGSPAN,,GA
WSP,WHISPER JET,,GA
WSW,SWOOP,Swoop,CAN
WWI,WORLDWIDE,,GA
WWW,JANET,JANET,USA
XSM,AIR SMART,,GA
