Airline,Callsign,Name,Country Code
AAL,AMERICAN,American Airlines,USA
ACA,AIR CANADA,Air Canada,CAN
ASH,Air Shuttle,Mesa Airlines,USA
CNS,CHRONOS,,GA
DAL,DELTA,Delta Air Lines,USA
DRL,DRILLER,,GA
EDV,ENDEAVOR,Endeavor Air,USA
EJA,EXECJET,NetJets,USA
EJM,JET SPEED,,GA
FFT,FRONTIER FLIGHT,Frontier Airlines,USA
GJS,LINDBERGH,GoJet Airlines,USA
JAS,JET SETTER,,GA
JBU,JET BLUE,JetBlue Airways,USA
JZA,JAZZ,Air Canada Jazz,CAN
LXJ,FLEX JET,,GA
NKS,SPIRIT WINGS,Spirit Airlines,USA
RPA,BRICKYARD,Republic Airways,USA
SKW,SKY WEST,SkyWest Airlines,USA
SWA,SOUTHWEST,Southwest Airlines,USA
TWY,TWILIGHT,,GA
UAL,UNITED,United Airlines,USA
WJA,WEST JET,WestJet,CAN
WMN,WATERMAN,,GA
