Airline,Callsign,Name,Country Code
AAL,AMERICAN,American Airlines,USA
ABX,ABEX AIR,Airborne Express,USA
ACA,AIR CANADA,Air Canada,CAN
AMX,AEROMEXICO,AeroMexico,MEX
ASA,ALASKA,Alaska Airlines,USA
AVA,AVIANCA,Avianca - Aerovias Nacionales de Colombia,COL
AZU,AZUL,Azul Linhas Aereas Brasileiras,BRA
BAW,SPEED BIRD,British Airways,GBR
BHS,BAHAMAS,Bahamasair,BHS
BWA,CARIBBEAN,Caribbean Airlines,TTO
CJL,JETBUS,Canada Jetlines Operations,CAN
CMP,COPA,Copa Airlines,PAN
CNS,CHRONOS,,GA
CSB,CARGO SOUTH,21 Air LLC,USA
DAL,DELTA,Delta Air Lines,USA
EIN,SHAMROCK,Aer Lingus,IRL
EJA,EXECJET,NetJets,USA
FDX,FEDEX,FEDERAL EXPRESS,USA
FFT,FRONTIER FLIGHT,Frontier Airlines,USA
ICE,ICE AIR,Icelandair,ISL
JBU,JET BLUE,JetBlue Airways,USA
JRE,JET SHARE,,GA
KPO,KRYPTO,,GA
LAN,LAN,LAN Airlines,CHL
LBQ,LAB QUEST,,GA
LXJ,FLEXJET,Flexjet,USA
MXY,MOXY,Breeze Airways,USA
NBT,LONG  SHIP,Norse Atlantic Airways AS,NOR
NKS,SPIRIT WINGS,Spirit Airlines,USA
OCN,OCEAN,Discover Airlines,DEU
POE,PORTER AIR,Porter Airlines,CAN
ROU,ROUGE,AIR CANADA ROUGE,CAN
SCX,SUN COUNTRY,Sun Country Airlines,USA
SIL,SILVER WINGS,Silver Airways,USA
SWA,SOUTHWEST,Southwest Airlines,USA
TSC,AIR TRANSAT,Air Transat,CAN
UAE,EMIRATES,Emirates Airlines,ARE
UAL,UNITED,United Airlines,USA
UPS,U P S,United Parcel Service,USA
VIR,VIRGIN,Virgin Atlantic Airways,GBR
VNT,VENTURA,,GA
VOI,VOLARIS,Volaris,MEX
VXP,AVELO,Avelo Airlines,USA
WJA,WEST JET,WestJet,CAN
