Airline,Callsign,Name,Country Code
AAL,AMERICAN,American Airlines,USA
AIP,ALPINE AIR,Alpine Aviation,USA
AJT,AMERIJET,Amerijet International Airlines,USA
ALP,APLINER,,GA
AMF,AMFLIGHT,Ameriflight,USA
ASA,ALASKA,Alaska Airlines,USA
ATN,AIR TRANSPORT,Air Transport Intl.,USA
CAK,CACTUS,,GA
CAL,DYNASTY,China Airlines,TWN
CFS,EMPIRE AIR,Empire Air,USA
DAL,DELTA,Delta Air Lines,USA
FDX,FEDEX,FEDERAL EXPRESS,USA
FFT,FRONTIER FLIGHT,Frontier Airlines,USA
GTI,GIANT,Atlas Air,USA
HAL,HAWAIIAN,Hawaiian Airlines,USA
JBU,JET BLUE,JetBlue Airways,USA
LXJ,FLEXJET,Flexjet,USA
PCM,PAC VALLEY,Westair Industries,USA
PPQ,PERSON AS PAQ,,GA
PRE,PRECISION,,GA
RVF,RAVEN FLIGHT,New Pacific Airlines,USA
SCM,SCREAMER,,GA
SKW,SKY WEST,SkyWest Airlines,USA
SWA,SOUTHWEST,Southwest Airlines,USA
TAI,TACA,Avianca El Salvador,SLV
UAL,UNITED,United Airlines,USA
UPS,U P S,United Parcel Service,USA
VOI,VOLARIS,Volaris,MEX
