Airline,Callsign,Name,Country Code
AAL,AMERICAN,American Airlines,USA
AMF,AMFLIGHT,Ameriflight,USA
DAL,DELTA,Delta Air Lines,USA
EJA,EXECJET,NetJets,USA
EZZ,ENTERPRIZE,,GA
GJE,GLOBAL JETS,,GA
GPD,GOOD SPEED,,GA
HPJ,HOPA JET,,GA
JBU,JET BLUE,JetBlue Airways,USA
JRE,JET SHARE,,GA
KAP,CAIR,Cape Air,USA
KFB,MISSION,,GA
KPO,KRYPTO,,GA
LXJ,FLEXJET,Flexjet,USA
NJE,FRACTION,,GA
NKS,SPIRIT WINGS,Spirit Airlines,USA
Q3341,ANGUILLA,,GA
RNI,RENNIA,,GA
SCX,SUN COUNTRY,Sun Country Airlines,USA
SIL,SILVER WINGS,Silver Airways,USA
SNC,NIGHT CARGO,Air Cargo Carriers,USA
TJ,TRADEWIND,,GA
TWY,TWILIGHT,,GA
UAL,UNITED,United Airlines,USA
WAF,FLAMENCO,Air Flamenco,PRI
