Airline,Callsign,Name,Country Code
ANG,GOLDSUN,Gold Sun Air,CHN
BTV,WHITE SAND,Be There Vacation,BEL
CBA,CHESHIRE,Chesire Blue,GBR
DEN,DENALI,Denali Airlines,CAN
EMF,PACKAGE,Express Mail Freight,FRA
FRT,FIELD AIR,Feelthere International Airlines,USA
LAW,LATITUDE,Latitude Airways,NZL
MAX,MAGIC,Magic Express,USA
PAV,PATIENCE,Silent Valley Airline,MEX
RAA,RAINIER,Rainier Air,NLD
RHH,STAR CRESCENT,,GA
TAB,LESLIE,Trans American,USA
TGB,GLOBE,Trans Global,DEU
UAX,OZZY,Uluru,AUS
VAL,VALUE,Value,USA
