{
    "Airline": "AHO",
    "Callsign": "AIR HAMBURG",
    "Name": "",
    "Country Code": "GA"
}
{
    "Airline": "ANG",
    "Callsign": "GOLDSUN",
    "Name": "Gold Sun Air",
    "Country Code": "CHN"
}
{
    "Airline": "ATL",
    "Callsign": "AIR BREMEN",
    "Name": "",
    "Country Code": "GA"
}
{
    "Airline": "AZD",
    "Callsign": "MAILMAN",
    "Name": "",
    "Country Code": "GA"
}
{
    "Airline": "BNI",
    "Callsign": "BARTOLINI",
    "Name": "",
    "Country Code": "GA"
}
{
    "Airline": "BTV",
    "Callsign": "WHITE SAND",
    "Name": "Be There Vacation",
    "Country Code": "BEL"
}
{
    "Airline": "CBA",
    "Callsign": "CHESHIRE",
    "Name": "Chesire Blue",
    "Country Code": "GBR"
}
{
    "Airline": "DEN",
    "Callsign": "DENALI",
    "Name": "Denali Airlines",
    "Country Code": "CAN"
}
{
    "Airline": "ECA",
    "Callsign": "DARK KNIGHT",
    "Name": "",
    "Country Code": "GA"
}
{
    "Airline": "EMF",
    "Callsign": "PACKAGE",
    "Name": "Express Mail Freight",
    "Country Code": "FRA"
}
{
    "Airline": "FRT",
    "Callsign": "FIELD AIR",
    "Name": "Feelthere International Airlines",
    "Country Code": "USA"
}
{
    "Airline": "JFA",
    "Callsign": "MOSQUITO",
    "Name": "",
    "Country Code": "GA"
}
{
    "Airline": "LAW",
    "Callsign": "LATITUDE",
    "Name": "Latitude Airways",
    "Country Code": "NZL"
}
{
    "Airline": "MAX",
    "Callsign": "MAGIC",
    "Name": "Magic Express",
    "Country Code": "USA"
}
{
    "Airline": "PAV",
    "Callsign": "PATIENCE",
    "Name": "Silent Valley Airline",
    "Country Code": "MEX"
}
{
    "Airline": "PVD",
    "Callsign": "PAD AVIATION",
    "Name": "",
    "Country Code": "GA"
}
{
    "Airline": "RAA",
    "Callsign": "RAINIER",
    "Name": "Rainier Air",
    "Country Code": "NLD"
}
{
    "Airline": "RHH",
    "Callsign": "STAR CRESCENT",
    "Name": "",
    "Country Code": "GA"
}
{
    "Airline": "SLV",
    "Callsign": "SILVER ARROW",
    "Name": "",
    "Country Code": "GA"
}
{
    "Airline": "TAB",
    "Callsign": "LESLIE",
    "Name": "Trans American",
    "Country Code": "USA"
}
{
    "Airline": "TGB",
    "Callsign": "GLOBE",
    "Name": "Trans Global",
    "Country Code": "DEU"
}
{
    "Airline": "TJD",
    "Callsign": "ALISERIO",
    "Name": "",
    "Country Code": "GA"
}
{
    "Airline": "TVS",
    "Callsign": "SKY TRAVEL",
    "Name": "",
    "Country Code": "GA"
}
{
    "Airline": "UAX",
    "Callsign": "OZZY",
    "Name": "Uluru",
    "Country Code": "AUS"
}
{
    "Airline": "VAL",
    "Callsign": "VALUE",
    "Name": "Value",
    "Country Code": "USA"
}
