{
    "Airline": "ANG",
    "Callsign": "GOLDSUN",
    "Name": "Gold Sun Air",
    "Country Code": "CHN"
}
{
    "Airline": "BTV",
    "Callsign": "WHITE SAND",
    "Name": "Be There Vacation",
    "Country Code": "BEL"
}
{
    "Airline": "CBA",
    "Callsign": "CHESHIRE",
    "Name": "Chesire Blue",
    "Country Code": "GBR"
}
{
    "Airline": "CTE",
    "Callsign": "CORNERSTONE",
    "Name": "",
    "Country Code": "GA"
}
{
    "Airline": "CWG",
    "Callsign": "CLEAR WING",
    "Name": "",
    "Country Code": "GA"
}
{
    "Airline": "DEN",
    "Callsign": "DENALI",
    "Name": "Denali Airlines",
    "Country Code": "CAN"
}
{
    "Airline": "DHR",
    "Callsign": "DARK HORSE",
    "Name": "",
    "Country Code": "GA"
}
{
    "Airline": "DPJ",
    "Callsign": "JET CARD",
    "Name": "",
    "Country Code": "GA"
}
{
    "Airline": "EMF",
    "Callsign": "PACKAGE",
    "Name": "Express Mail Freight",
    "Country Code": "FRA"
}
{
    "Airline": "FRT",
    "Callsign": "FIELD AIR",
    "Name": "Feelthere International Airlines",
    "Country Code": "USA"
}
{
    "Airline": "GAJ",
    "Callsign": "GAMA JET",
    "Name": "",
    "Country Code": "GA"
}
{
    "Airline": "JCM",
    "Callsign": "SECURE AIR",
    "Name": "",
    "Country Code": "GA"
}
{
    "Airline": "JRE",
    "Callsign": "JET SHARE",
    "Name": "",
    "Country Code": "GA"
}
{
    "Airline": "JRT",
    "Callsign": "JET RIGHT",
    "Name": "",
    "Country Code": "GA"
}
{
    "Airline": "JSL",
    "Callsign": "SELECT JET",
    "Name": "",
    "Country Code": "GA"
}
{
    "Airline": "JTZ",
    "Callsign": "STEEL JET",
    "Name": "",
    "Country Code": "GA"
}
{
    "Airline": "LAK",
    "Callsign": "RED LAKE",
    "Name": "",
    "Country Code": "GA"
}
{
    "Airline": "LAW",
    "Callsign": "LATITUDE",
    "Name": "Latitude Airways",
    "Country Code": "NZL"
}
{
    "Airline": "MAX",
    "Callsign": "MAGIC",
    "Name": "Magic Express",
    "Country Code": "USA"
}
{
    "Airline": "PAV",
    "Callsign": "PATIENCE",
    "Name": "Silent Valley Airline",
    "Country Code": "MEX"
}
{
    "Airline": "PEG",
    "Callsign": "PEG JET",
    "Name": "",
    "Country Code": "GA"
}
{
    "Airline": "RAA",
    "Callsign": "RAINIER",
    "Name": "Rainier Air",
    "Country Code": "NLD"
}
{
    "Airline": "RJC",
    "Callsign": "COLUMBIA JET",
    "Name": "",
    "Country Code": "GA"
}
{
    "Airline": "SKQ",
    "Callsign": "SKY LAB",
    "Name": "",
    "Country Code": "GA"
}
{
    "Airline": "TAB",
    "Callsign": "LESLIE",
    "Name": "Trans American",
    "Country Code": "USA"
}
{
    "Airline": "TGB",
    "Callsign": "GLOBE",
    "Name": "Trans Global",
    "Country Code": "DEU"
}
{
    "Airline": "UAX",
    "Callsign": "OZZY",
    "Name": "Uluru",
    "Country Code": "AUS"
}
{
    "Airline": "VAL",
    "Callsign": "VALUE",
    "Name": "Value",
    "Country Code": "USA"
}
