{
    "Airline": "AHO",
    "Callsign": "AIR HAMBURG",
    "Name": "",
    "Country Code": "GA"
}
{
    "Airline": "ANG",
    "Callsign": "GOLDSUN",
    "Name": "Gold Sun Air",
    "Country Code": "CHN"
}
{
    "Airline": "ATL",
    "Callsign": "AIR ATLANTIC",
    "Name": "",
    "Country Code": "GA"
}
{
    "Airline": "BTV",
    "Callsign": "WHITE SAND",
    "Name": "Be There Vacation",
    "Country Code": "BEL"
}
{
    "Airline": "BTX",
    "Callsign": "BEETLE",
    "Name": "",
    "Country Code": "GA"
}
{
    "Airline": "CBA",
    "Callsign": "CHESHIRE",
    "Name": "Chesire Blue",
    "Country Code": "GBR"
}
{
    "Airline": "DCS",
    "Callsign": "TWIN STAR",
    "Name": "",
    "Country Code": "GA"
}
{
    "Airline": "DEN",
    "Callsign": "DENALI",
    "Name": "Denali Airlines",
    "Country Code": "CAN"
}
{
    "Airline": "ECA",
    "Callsign": "DARK KNIGHT",
    "Name": "",
    "Country Code": "GA"
}
{
    "Airline": "EFD",
    "Callsign": "EVER FLIGHT",
    "Name": "",
    "Country Code": "GA"
}
{
    "Airline": "EMF",
    "Callsign": "PACKAGE",
    "Name": "Express Mail Freight",
    "Country Code": "FRA"
}
{
    "Airline": "FHG",
    "Callsign": "FLYING HOPE",
    "Name": "",
    "Country Code": "GA"
}
{
    "Airline": "FRF",
    "Callsign": "FAIR FLEET",
    "Name": "",
    "Country Code": "GA"
}
{
    "Airline": "FRT",
    "Callsign": "FIELD AIR",
    "Name": "Feelthere International Airlines",
    "Country Code": "USA"
}
{
    "Airline": "GAC",
    "Callsign": "DREAM TEAM",
    "Name": "",
    "Country Code": "GA"
}
{
    "Airline": "GRB",
    "Callsign": "GRAY BIRD",
    "Name": "",
    "Country Code": "GA"
}
{
    "Airline": "JBC",
    "Callsign": "JET BEE",
    "Name": "",
    "Country Code": "GA"
}
{
    "Airline": "LAW",
    "Callsign": "LATITUDE",
    "Name": "Latitude Airways",
    "Country Code": "NZL"
}
{
    "Airline": "MAX",
    "Callsign": "MAGIC",
    "Name": "Magic Express",
    "Country Code": "USA"
}
{
    "Airline": "PAV",
    "Callsign": "PATIENCE",
    "Name": "Silent Valley Airline",
    "Country Code": "MEX"
}
{
    "Airline": "RAA",
    "Callsign": "RAINIER",
    "Name": "Rainier Air",
    "Country Code": "NLD"
}
{
    "Airline": "TAB",
    "Callsign": "LESLIE",
    "Name": "Trans American",
    "Country Code": "USA"
}
{
    "Airline": "TGB",
    "Callsign": "GLOBE",
    "Name": "Trans Global",
    "Country Code": "DEU"
}
{
    "Airline": "TIE",
    "Callsign": "TIME AIR",
    "Name": "",
    "Country Code": "GA"
}
{
    "Airline": "TIH",
    "Callsign": "TIRIAC AIR",
    "Name": "",
    "Country Code": "GA"
}
{
    "Airline": "UAX",
    "Callsign": "OZZY",
    "Name": "Uluru",
    "Country Code": "AUS"
}
{
    "Airline": "VAL",
    "Callsign": "VALUE",
    "Name": "Value",
    "Country Code": "USA"
}
