{
    "Airline": "AAY",
    "Callsign": "ALLEGIANT",
    "Name": "Allegiant Air",
    "Country Code": "USA"
}
{
    "Airline": "ASA",
    "Callsign": "ALASKA",
    "Name": "Alaska Airlines",
    "Country Code": "USA"
}
{
    "Airline": "BLK",
    "Callsign": "AERO BLACK",
    "Name": "USAC Airways AERO",
    "Country Code": "USA"
}
{
    "Airline": "CTL",
    "Callsign": "CENTRAL COMMUTER",
    "Name": "",
    "Country Code": "GA"
}
{
    "Airline": "CWG",
    "Callsign": "CLEAR WING",
    "Name": "",
    "Country Code": "GA"
}
{
    "Airline": "CYO",
    "Callsign": "CAYOTE SOX",
    "Name": "",
    "Country Code": "GA"
}
{
    "Airline": "DAL",
    "Callsign": "DELTA",
    "Name": "Delta Air Lines",
    "Country Code": "USA"
}
{
    "Airline": "DPJ",
    "Callsign": "JET CARD",
    "Name": "",
    "Country Code": "GA"
}
{
    "Airline": "DRL",
    "Callsign": "DRILLER",
    "Name": "",
    "Country Code": "GA"
}
{
    "Airline": "EJA",
    "Callsign": "EXECJET",
    "Name": "NetJets",
    "Country Code": "USA"
}
{
    "Airline": "FTH",
    "Callsign": "FOOT HILLS",
    "Name": "",
    "Country Code": "GA"
}
{
    "Airline": "GAJ",
    "Callsign": "GAMA JET",
    "Name": "",
    "Country Code": "GA"
}
{
    "Airline": "JSX",
    "Callsign": "BIG STRIPE",
    "Name": "JSX (JetSuiteX)",
    "Country Code": "USA"
}
{
    "Airline": "JTL",
    "Callsign": "JET LINX",
    "Name": "",
    "Country Code": "GA"
}
{
    "Airline": "KFS",
    "Callsign": "KALITTA",
    "Name": "",
    "Country Code": "GA"
}
{
    "Airline": "KPO",
    "Callsign": "KRYPTO",
    "Name": "",
    "Country Code": "GA"
}
{
    "Airline": "LBQ",
    "Callsign": "LAB QUEST",
    "Name": "",
    "Country Code": "GA"
}
{
    "Airline": "LXJ",
    "Callsign": "FLEXJET",
    "Name": "Flexjet",
    "Country Code": "USA"
}
{
    "Airline": "N220PF",
    "Callsign": "MEDAVAC",
    "Name": "",
    "Country Code": "GA"
}
{
    "Airline": "N28TX",
    "Callsign": "MEDAVAC NOVEMBER",
    "Name": "",
    "Country Code": "GA"
}
{
    "Airline": "N707PF",
    "Callsign": "MEDAVAC",
    "Name": "",
    "Country Code": "GA"
}
{
    "Airline": "OKC",
    "Callsign": "THUNDER WINGS",
    "Name": "",
    "Country Code": "GA"
}
{
    "Airline": "RNI",
    "Callsign": "RENNIA",
    "Name": "",
    "Country Code": "GA"
}
{
    "Airline": "SBE",
    "Callsign": "STAR BASE",
    "Name": "",
    "Country Code": "GA"
}
{
    "Airline": "SCM",
    "Callsign": "SCREAMER",
    "Name": "",
    "Country Code": "GA"
}
{
    "Airline": "SWA",
    "Callsign": "SOUTHWEST",
    "Name": "Southwest Airlines",
    "Country Code": "USA"
}
{
    "Airline": "TMB",
    "Callsign": "TOMBO",
    "Name": "",
    "Country Code": "GA"
}
{
    "Airline": "TWY",
    "Callsign": "TWILIGHT",
    "Name": "",
    "Country Code": "GA"
}
