{
    "Airline": "AAL",
    "Callsign": "AMERICAN",
    "Name": "American Airlines",
    "Country Code": "USA"
}
{
    "Airline": "AFR",
    "Callsign": "AIR FRANCE",
    "Name": "Air France",
    "Country Code": "FRA"
}
{
    "Airline": "ASA",
    "Callsign": "ALASKA",
    "Name": "Alaska Airlines",
    "Country Code": "USA"
}
{
    "Airline": "ASH",
    "Callsign": "Air Shuttle",
    "Name": "Mesa Airlines",
    "Country Code": "USA"
}
{
    "Airline": "DAL",
    "Callsign": "DELTA",
    "Name": "Delta Air Lines",
    "Country Code": "USA"
}
{
    "Airline": "DLH",
    "Callsign": "LUFTHANSA",
    "Name": "Lufthansa German Airlines",
    "Country Code": "DEU"
}
{
    "Airline": "EDV",
    "Callsign": "ENDEAVOR",
    "Name": "Endeavor Air",
    "Country Code": "USA"
}
{
    "Airline": "EJA",
    "Callsign": "EXECJET",
    "Name": "NetJets",
    "Country Code": "USA"
}
{
    "Airline": "ENY",
    "Callsign": "ENVOY",
    "Name": "Envoy Air Inc",
    "Country Code": "USA"
}
{
    "Airline": "FFT",
    "Callsign": "FRONTIER FLIGHT",
    "Name": "Frontier Airlines",
    "Country Code": "USA"
}
{
    "Airline": "ICE",
    "Callsign": "ICE AIR",
    "Name": "Icelandair",
    "Country Code": "ISL"
}
{
    "Airline": "JBU",
    "Callsign": "JET BLUE",
    "Name": "JetBlue Airways",
    "Country Code": "USA"
}
{
    "Airline": "JIA",
    "Callsign": "BLUE STREAK",
    "Name": "PSA Airlines",
    "Country Code": "USA"
}
{
    "Airline": "JZA",
    "Callsign": "JAZZ",
    "Name": "Air Canada Jazz",
    "Country Code": "CAN"
}
{
    "Airline": "NKS",
    "Callsign": "SPIRIT WINGS",
    "Name": "Spirit Airlines",
    "Country Code": "USA"
}
{
    "Airline": "NKT",
    "Callsign": "NORTH COUNTRY",
    "Name": "",
    "Country Code": "GA"
}
{
    "Airline": "PHX",
    "Callsign": "PHOENIX NORTH",
    "Name": "",
    "Country Code": "GA"
}
{
    "Airline": "RPA",
    "Callsign": "BRICKYARD",
    "Name": "Republic Airways",
    "Country Code": "USA"
}
{
    "Airline": "SCX",
    "Callsign": "SUN COUNTRY",
    "Name": "Sun Country Airlines",
    "Country Code": "USA"
}
{
    "Airline": "SKW",
    "Callsign": "SKY WEST",
    "Name": "SkyWest Airlines",
    "Country Code": "USA"
}
{
    "Airline": "SLI",
    "Callsign": "COSTERA",
    "Name": "Aeromexico Connect",
    "Country Code": "MEX"
}
{
    "Airline": "SWA",
    "Callsign": "SOUTHWEST",
    "Name": "Southwest Airlines",
    "Country Code": "USA"
}
{
    "Airline": "THY",
    "Callsign": "TURKISH",
    "Name": "Turkish Airlines",
    "Country Code": "TUR"
}
{
    "Airline": "UAL",
    "Callsign": "UNITED",
    "Name": "United Airlines",
    "Country Code": "USA"
}
{
    "Airline": "UJC",
    "Callsign": "ULTIMATE",
    "Name": "",
    "Country Code": "GA"
}
{
    "Airline": "WJA",
    "Callsign": "WEST JET",
    "Name": "WestJet",
    "Country Code": "CAN"
}
