{
    "Airline": "AAL",
    "Callsign": "AMERICAN",
    "Name": "American Airlines",
    "Country Code": "USA"
}
{
    "Airline": "ACA",
    "Callsign": "AIR CANADA",
    "Name": "Air Canada",
    "Country Code": "CAN"
}
{
    "Airline": "ASH",
    "Callsign": "Air Shuttle",
    "Name": "Mesa Airlines",
    "Country Code": "USA"
}
{
    "Airline": "CNS",
    "Callsign": "CHRONOS",
    "Name": "",
    "Country Code": "GA"
}
{
    "Airline": "DAL",
    "Callsign": "DELTA",
    "Name": "Delta Air Lines",
    "Country Code": "USA"
}
{
    "Airline": "DRL",
    "Callsign": "DRILLER",
    "Name": "",
    "Country Code": "GA"
}
{
    "Airline": "EDV",
    "Callsign": "ENDEAVOR",
    "Name": "Endeavor Air",
    "Country Code": "USA"
}
{
    "Airline": "EJA",
    "Callsign": "EXECJET",
    "Name": "NetJets",
    "Country Code": "USA"
}
{
    "Airline": "EJM",
    "Callsign": "JET SPEED",
    "Name": "",
    "Country Code": "GA"
}
{
    "Airline": "FFT",
    "Callsign": "FRONTIER FLIGHT",
    "Name": "Frontier Airlines",
    "Country Code": "USA"
}
{
    "Airline": "GJS",
    "Callsign": "LINDBERGH",
    "Name": "GoJet Airlines",
    "Country Code": "USA"
}
{
    "Airline": "JAS",
    "Callsign": "JET SETTER",
    "Name": "",
    "Country Code": "GA"
}
{
    "Airline": "JBU",
    "Callsign": "JET BLUE",
    "Name": "JetBlue Airways",
    "Country Code": "USA"
}
{
    "Airline": "JZA",
    "Callsign": "JAZZ",
    "Name": "Air Canada Jazz",
    "Country Code": "CAN"
}
{
    "Airline": "LXJ",
    "Callsign": "FLEX JET",
    "Name": "",
    "Country Code": "GA"
}
{
    "Airline": "NKS",
    "Callsign": "SPIRIT WINGS",
    "Name": "Spirit Airlines",
    "Country Code": "USA"
}
{
    "Airline": "RPA",
    "Callsign": "BRICKYARD",
    "Name": "Republic Airways",
    "Country Code": "USA"
}
{
    "Airline": "SKW",
    "Callsign": "SKY WEST",
    "Name": "SkyWest Airlines",
    "Country Code": "USA"
}
{
    "Airline": "SWA",
    "Callsign": "SOUTHWEST",
    "Name": "Southwest Airlines",
    "Country Code": "USA"
}
{
    "Airline": "TWY",
    "Callsign": "TWILIGHT",
    "Name": "",
    "Country Code": "GA"
}
{
    "Airline": "UAL",
    "Callsign": "UNITED",
    "Name": "United Airlines",
    "Country Code": "USA"
}
{
    "Airline": "WJA",
    "Callsign": "WEST JET",
    "Name": "WestJet",
    "Country Code": "CAN"
}
{
    "Airline": "WMN",
    "Callsign": "WATERMAN",
    "Name": "",
    "Country Code": "GA"
}
