{
    "Airline": "AAL",
    "Callsign": "AMERICAN",
    "Name": "American Airlines",
    "Country Code": "USA"
}
{
    "Airline": "ASA",
    "Callsign": "ALASKA",
    "Name": "Alaska Airlines",
    "Country Code": "USA"
}
{
    "Airline": "ASH",
    "Callsign": "Air Shuttle",
    "Name": "Mesa Airlines",
    "Country Code": "USA"
}
{
    "Airline": "CNS",
    "Callsign": "CHRONOS",
    "Name": "",
    "Country Code": "GA"
}
{
    "Airline": "DAL",
    "Callsign": "DELTA",
    "Name": "Delta Air Lines",
    "Country Code": "USA"
}
{
    "Airline": "DPJ",
    "Callsign": "JET CARD",
    "Name": "",
    "Country Code": "GA"
}
{
    "Airline": "EDV",
    "Callsign": "ENDEAVOR",
    "Name": "Endeavor Air",
    "Country Code": "USA"
}
{
    "Airline": "EJA",
    "Callsign": "EXECJET",
    "Name": "NetJets",
    "Country Code": "USA"
}
{
    "Airline": "ENY",
    "Callsign": "ENVOY",
    "Name": "Envoy Air Inc",
    "Country Code": "USA"
}
{
    "Airline": "FDX",
    "Callsign": "FEDEX",
    "Name": "FEDERAL EXPRESS",
    "Country Code": "USA"
}
{
    "Airline": "FFT",
    "Callsign": "FRONTIER FLIGHT",
    "Name": "Frontier Airlines",
    "Country Code": "USA"
}
{
    "Airline": "FLC",
    "Callsign": "FLIGHT CHECK",
    "Name": "",
    "Country Code": "GA"
}
{
    "Airline": "FWK",
    "Callsign": "FLIGHT WORKS",
    "Name": "",
    "Country Code": "GA"
}
{
    "Airline": "GAJ",
    "Callsign": "GAMMAJET",
    "Name": "",
    "Country Code": "GA"
}
{
    "Airline": "JBU",
    "Callsign": "JET BLUE",
    "Name": "JetBlue Airways",
    "Country Code": "USA"
}
{
    "Airline": "JIA",
    "Callsign": "BLUE STREAK",
    "Name": "PSA Airlines",
    "Country Code": "USA"
}
{
    "Airline": "JTL",
    "Callsign": "JET LINX",
    "Name": "",
    "Country Code": "GA"
}
{
    "Airline": "JZA",
    "Callsign": "JAZZ",
    "Name": "Air Canada Jazz",
    "Country Code": "CAN"
}
{
    "Airline": "LBQ",
    "Callsign": "LABQUEST",
    "Name": "",
    "Country Code": "GA"
}
{
    "Airline": "LXJ",
    "Callsign": "FLEXJET",
    "Name": "",
    "Country Code": "GA"
}
{
    "Airline": "MED",
    "Callsign": "MEDEVAC",
    "Name": "",
    "Country Code": "GA"
}
{
    "Airline": "MRA",
    "Callsign": "MAR TEX",
    "Name": "Martinaire",
    "Country Code": "USA"
}
{
    "Airline": "MTN",
    "Callsign": "MOUNTAIN",
    "Name": "Mountain Air Cargo",
    "Country Code": "USA"
}
{
    "Airline": "N220CH",
    "Callsign": "MEDICAL AIR",
    "Name": "",
    "Country Code": "GA"
}
{
    "Airline": "NKS",
    "Callsign": "SPIRIT WINGS",
    "Name": "Spirit Airlines",
    "Country Code": "USA"
}
{
    "Airline": "PAT",
    "Callsign": "PAT",
    "Name": "",
    "Country Code": "GA"
}
{
    "Airline": "RPA",
    "Callsign": "BRICKYARD",
    "Name": "Republic Airways",
    "Country Code": "USA"
}
{
    "Airline": "SKW",
    "Callsign": "SKY WEST",
    "Name": "SkyWest Airlines",
    "Country Code": "USA"
}
{
    "Airline": "SWA",
    "Callsign": "SOUTHWEST",
    "Name": "Southwest Airlines",
    "Country Code": "USA"
}
{
    "Airline": "SWQ",
    "Callsign": "SWIFT FLIGHT",
    "Name": "Swift Air",
    "Country Code": "USA"
}
{
    "Airline": "UAL",
    "Callsign": "UNITED",
    "Name": "United Airlines",
    "Country Code": "USA"
}
{
    "Airline": "UPS",
    "Callsign": "U P S",
    "Name": "United Parcel Service",
    "Country Code": "USA"
}
