{
    "Airline": "AAL",
    "Callsign": "AMERICAN",
    "Name": "American Airlines",
    "Country Code": "USA"
}
{
    "Airline": "ABR",
    "Callsign": "CONTRACT",
    "Name": "ASL Airlines Ireland",
    "Country Code": "IRL"
}
{
    "Airline": "ACA",
    "Callsign": "AIR CANADA",
    "Name": "Air Canada",
    "Country Code": "CAN"
}
{
    "Airline": "AEA",
    "Callsign": "EUROPA",
    "Name": "Air Europa",
    "Country Code": "ESP"
}
{
    "Airline": "AEE",
    "Callsign": "AEGEAN",
    "Name": "Aegean Airlines",
    "Country Code": "GRC"
}
{
    "Airline": "AFR",
    "Callsign": "AIR FRANCE",
    "Name": "Air France",
    "Country Code": "FRA"
}
{
    "Airline": "AHO",
    "Callsign": "AIR HAMBURG",
    "Name": "",
    "Country Code": "GA"
}
{
    "Airline": "ANE",
    "Callsign": "AIR NOSTRUM",
    "Name": "Air Nostrum",
    "Country Code": "ESP"
}
{
    "Airline": "ASL",
    "Callsign": "AIR SERBIA",
    "Name": "Air Serbia",
    "Country Code": "SRB"
}
{
    "Airline": "AUA",
    "Callsign": "AUSTRIAN",
    "Name": "Austrian Airlines",
    "Country Code": "AUT"
}
{
    "Airline": "AVA",
    "Callsign": "AVIANCA",
    "Name": "Avianca - Aerovias Nacionales de Colombia",
    "Country Code": "COL"
}
{
    "Airline": "BAW",
    "Callsign": "SPEED BIRD",
    "Name": "British Airways",
    "Country Code": "GBR"
}
{
    "Airline": "BBG",
    "Callsign": "BLUE BIRD",
    "Name": "Bluebird Airways",
    "Country Code": "GRC"
}
{
    "Airline": "BCS",
    "Callsign": "POSTMAN",
    "Name": "European Air Transport N.V/S.A",
    "Country Code": "BEL"
}
{
    "Airline": "BEL",
    "Callsign": "BEE LINE",
    "Name": "Brussels Airlines",
    "Country Code": "BEL"
}
{
    "Airline": "BTI",
    "Callsign": "AIR BALTIC",
    "Name": "Air Baltic",
    "Country Code": "LVA"
}
{
    "Airline": "CCA",
    "Callsign": "AIR CHINA",
    "Name": "Air China",
    "Country Code": "CHN"
}
{
    "Airline": "CSZ",
    "Callsign": "SHENZHEN AIR",
    "Name": "Shenzhen Airlines",
    "Country Code": "CHN"
}
{
    "Airline": "DAH",
    "Callsign": "AIR ALGERIE",
    "Name": "Air Algerie",
    "Country Code": "DZA"
}
{
    "Airline": "DAL",
    "Callsign": "DELTA",
    "Name": "Delta Air Lines",
    "Country Code": "USA"
}
{
    "Airline": "DLH",
    "Callsign": "LUFTHANSA",
    "Name": "Lufthansa German Airlines",
    "Country Code": "DEU"
}
{
    "Airline": "ECC",
    "Callsign": "ECLAIR",
    "Name": "",
    "Country Code": "GA"
}
{
    "Airline": "EJU",
    "Callsign": "ALPINE",
    "Name": "Easy Jet Europe",
    "Country Code": "AUT"
}
{
    "Airline": "ELJ",
    "Callsign": "TOP JET",
    "Name": "",
    "Country Code": "GA"
}
{
    "Airline": "ELY",
    "Callsign": "EL AL",
    "Name": "El Al Israel Airlines",
    "Country Code": "ISR"
}
{
    "Airline": "ETD",
    "Callsign": "ETIHAD",
    "Name": "Etihad Airways",
    "Country Code": "ARE"
}
{
    "Airline": "EUW",
    "Callsign": "EURO WEST",
    "Name": "",
    "Country Code": "GA"
}
{
    "Airline": "EVE",
    "Callsign": "EVELOP",
    "Name": "Evelop! Airlines",
    "Country Code": "ESP"
}
{
    "Airline": "EWG",
    "Callsign": "EURO WINGS",
    "Name": "Eurowings",
    "Country Code": "DEU"
}
{
    "Airline": "EXS",
    "Callsign": "CHANNEX",
    "Name": "Jet2.com",
    "Country Code": "GBR"
}
{
    "Airline": "EZS",
    "Callsign": "TOP SWISS",
    "Name": "EasyJet Switzerland",
    "Country Code": "CHE"
}
{
    "Airline": "EZY",
    "Callsign": "EASY",
    "Name": "EasyJet Airline",
    "Country Code": "GBR"
}
{
    "Airline": "FDX",
    "Callsign": "FEDEX",
    "Name": "FEDERAL EXPRESS",
    "Country Code": "USA"
}
{
    "Airline": "FIN",
    "Callsign": "FIN AIR",
    "Name": "Finnair",
    "Country Code": "FIN"
}
{
    "Airline": "FJO",
    "Callsign": "FLEX MALTA",
    "Name": "",
    "Country Code": "GA"
}
{
    "Airline": "FPY",
    "Callsign": "PLAYER",
    "Name": "PLAY",
    "Country Code": "ISL"
}
{
    "Airline": "FSF",
    "Callsign": "ROCKY",
    "Name": "",
    "Country Code": "GA"
}
{
    "Airline": "GES",
    "Callsign": "GESTAIR",
    "Name": "",
    "Country Code": "GA"
}
{
    "Airline": "HAT",
    "Callsign": "SKY RUNNER",
    "Name": "Air Horizont",
    "Country Code": "MLT"
}
{
    "Airline": "HYS",
    "Callsign": "SKY EUROPE",
    "Name": "HiSky Europe",
    "Country Code": "ROM"
}
{
    "Airline": "IBE",
    "Callsign": "IBERIA",
    "Name": "Iberia Airlines",
    "Country Code": "ESP"
}
{
    "Airline": "ICC",
    "Callsign": "CARTO",
    "Name": "",
    "Country Code": "GA"
}
{
    "Airline": "ITY",
    "Callsign": "ITARROW",
    "Name": "Italia Transporto Aereo S.p.A",
    "Country Code": "ITA"
}
{
    "Airline": "JFA",
    "Callsign": "MOSQUITO",
    "Name": "",
    "Country Code": "GA"
}
{
    "Airline": "JME",
    "Callsign": "JET MAN",
    "Name": "",
    "Country Code": "GA"
}
{
    "Airline": "KAL",
    "Callsign": "KOREAN AIR",
    "Name": "Korean Air",
    "Country Code": "PRK"
}
{
    "Airline": "KLM",
    "Callsign": "KLM",
    "Name": "KLM Royal Dutch Airlines",
    "Country Code": "NLD"
}
{
    "Airline": "LDA",
    "Callsign": "RYAN AIR",
    "Name": "Lauda Air",
    "Country Code": "AUT"
}
{
    "Airline": "LGL",
    "Callsign": "LUXAIR",
    "Name": "Luxair",
    "Country Code": "LUX"
}
{
    "Airline": "LOT",
    "Callsign": "LOT",
    "Name": "LOT Polish Airlines",
    "Country Code": "POL"
}
{
    "Airline": "MAC",
    "Callsign": "AIR ARABIA MAROC",
    "Name": "Air Arabia Maroc",
    "Country Code": "MAR"
}
{
    "Airline": "MSR",
    "Callsign": "EGYPT AIR",
    "Name": "Egyptair",
    "Country Code": "EGY"
}
{
    "Airline": "NOZ",
    "Callsign": "NORDIC",
    "Name": "Norwegian Air Shuttle AOC AS",
    "Country Code": "NOR"
}
{
    "Airline": "NSZ",
    "Callsign": "RED NOSE",
    "Name": "Norwegian Air Sweden AOC",
    "Country Code": "SWE"
}
{
    "Airline": "OCJ",
    "Callsign": "OVER STAR",
    "Name": "",
    "Country Code": "GA"
}
{
    "Airline": "OCN",
    "Callsign": "OCEAN",
    "Name": "Discover Airlines",
    "Country Code": "DEU"
}
{
    "Airline": "ORO",
    "Callsign": "CAPRI",
    "Name": "",
    "Country Code": "GA"
}
{
    "Airline": "PGA",
    "Callsign": "PORTUGALIA",
    "Name": "Portugalia TAP Express",
    "Country Code": "PRT"
}
{
    "Airline": "PGT",
    "Callsign": "SUNTURK",
    "Name": "Pegasus Airlines",
    "Country Code": "TUR"
}
{
    "Airline": "PVG",
    "Callsign": "PRIVALEGE",
    "Name": "Privilege Style",
    "Country Code": "SPA"
}
{
    "Airline": "QAV",
    "Callsign": "QUIET AVIATION",
    "Name": "",
    "Country Code": "GA"
}
{
    "Airline": "QTR",
    "Callsign": "QATARI",
    "Name": "Qatar Airways",
    "Country Code": "QAT"
}
{
    "Airline": "RAM",
    "Callsign": "ROYAL AIR MAROC",
    "Name": "Royal Air Maroc",
    "Country Code": "MAR"
}
{
    "Airline": "RYR",
    "Callsign": "RYAN AIR",
    "Name": "Ryanair",
    "Country Code": "IRL"
}
{
    "Airline": "RZO",
    "Callsign": "AIR AZORES",
    "Name": "SATA Azores Airlines",
    "Country Code": "PRT"
}
{
    "Airline": "SAS",
    "Callsign": "SCANDINAVIAN",
    "Name": "SAS Scandinavian Airlines",
    "Country Code": "SWE"
}
{
    "Airline": "SIA",
    "Callsign": "SINGAPORE",
    "Name": "Singapore Airlines",
    "Country Code": "SGP"
}
{
    "Airline": "SWN",
    "Callsign": "AIR SWEDEN",
    "Name": "West Atlantic Sweden AB",
    "Country Code": "SWE"
}
{
    "Airline": "SWR",
    "Callsign": "SWISS",
    "Name": "Swiss International Air Lines",
    "Country Code": "CHE"
}
{
    "Airline": "SWT",
    "Callsign": "POSTMAN",
    "Name": "Swift Air",
    "Country Code": "ESP"
}
{
    "Airline": "TAM",
    "Callsign": "TAM",
    "Name": "TAM Linhas Aereas",
    "Country Code": "BRA"
}
{
    "Airline": "TAP",
    "Callsign": "AIR PORTUGAL",
    "Name": "TAP Air Portugal",
    "Country Code": "PRT"
}
{
    "Airline": "TAY",
    "Callsign": "QUALITY",
    "Name": "ASL Airlines Belgium",
    "Country Code": "BEL"
}
{
    "Airline": "THY",
    "Callsign": "TURKISH",
    "Name": "Turkish Airlines",
    "Country Code": "TUR"
}
{
    "Airline": "TRA",
    "Callsign": "TRANSAVIA",
    "Name": "Transavia",
    "Country Code": "NLD"
}
{
    "Airline": "TSC",
    "Callsign": "AIR TRANSAT",
    "Name": "Air Transat",
    "Country Code": "CAN"
}
{
    "Airline": "TVF",
    "Callsign": "FRENCH SUN",
    "Name": "Transavia France",
    "Country Code": "FRA"
}
{
    "Airline": "TYW",
    "Callsign": "TYROL AMBULANCE",
    "Name": "",
    "Country Code": "GA"
}
{
    "Airline": "UAE",
    "Callsign": "EMIRATES",
    "Name": "Emirates Airlines",
    "Country Code": "ARE"
}
{
    "Airline": "UAL",
    "Callsign": "UNITED",
    "Name": "United Airlines",
    "Country Code": "USA"
}
{
    "Airline": "UPS",
    "Callsign": "U P S",
    "Name": "United Parcel Service",
    "Country Code": "USA"
}
{
    "Airline": "VJT",
    "Callsign": "VISTA JET",
    "Name": "Vista Jet Malta",
    "Country Code": "MLT"
}
{
    "Airline": "VLG",
    "Callsign": "VUELING",
    "Name": "Vueling",
    "Country Code": "ESP"
}
{
    "Airline": "VOE",
    "Callsign": "VOLOTEA",
    "Name": "VOLOTEA",
    "Country Code": "ESP"
}
{
    "Airline": "VVV",
    "Callsign": "VALAIR JET",
    "Name": "",
    "Country Code": "GA"
}
{
    "Airline": "WJA",
    "Callsign": "WEST JET",
    "Name": "WestJet",
    "Country Code": "CAN"
}
{
    "Airline": "WMT",
    "Callsign": "WIZZ AIR MALTA",
    "Name": "Wizz Air Malta",
    "Country Code": "MLT"
}
{
    "Airline": "WZZ",
    "Callsign": "WIZZ AIR",
    "Name": "Wizz Air Hungary Ltd.",
    "Country Code": "HUN"
}
{
    "Airline": "XRO",
    "Callsign": "CRAMER",
    "Name": "",
    "Country Code": "GA"
}
