{
    "Airline": "AAL",
    "Callsign": "AMERICAN",
    "Name": "American Airlines",
    "Country Code": "USA"
}
{
    "Airline": "ACA",
    "Callsign": "AIR CANADA",
    "Name": "Air Canada",
    "Country Code": "CAN"
}
{
    "Airline": "AEA",
    "Callsign": "EUROPA",
    "Name": "Air Europa",
    "Country Code": "ESP"
}
{
    "Airline": "AEE",
    "Callsign": "AEGEAN",
    "Name": "Aegean Airlines",
    "Country Code": "GRC"
}
{
    "Airline": "AFR",
    "Callsign": "AIR FRANCE",
    "Name": "Air France",
    "Country Code": "FRA"
}
{
    "Airline": "ASL",
    "Callsign": "AIR SERBIA",
    "Name": "Air Serbia",
    "Country Code": "SRB"
}
{
    "Airline": "AZU",
    "Callsign": "AZUL",
    "Name": "Azul Linhas Aereas Brasileiras",
    "Country Code": "BRA"
}
{
    "Airline": "BAW",
    "Callsign": "SPEED BIRD",
    "Name": "British Airways",
    "Country Code": "GBR"
}
{
    "Airline": "BCS",
    "Callsign": "POSTMAN",
    "Name": "European Air Transport N.V/S.A",
    "Country Code": "BEL"
}
{
    "Airline": "BEL",
    "Callsign": "BEE LINE",
    "Name": "Brussels Airlines",
    "Country Code": "BEL"
}
{
    "Airline": "BRS",
    "Callsign": "FAB",
    "Name": "",
    "Country Code": "GA"
}
{
    "Airline": "CBJ",
    "Callsign": "CAPITAL JET",
    "Name": "Beijing Capital Airlines",
    "Country Code": "CHN"
}
{
    "Airline": "CTM",
    "Callsign": "COTAM",
    "Name": "",
    "Country Code": "GA"
}
{
    "Airline": "DAH",
    "Callsign": "AIR ALGERIE",
    "Name": "Air Algerie",
    "Country Code": "DZA"
}
{
    "Airline": "DAL",
    "Callsign": "DELTA",
    "Name": "Delta Air Lines",
    "Country Code": "USA"
}
{
    "Airline": "DLH",
    "Callsign": "LUFTHANSA",
    "Name": "Lufthansa German Airlines",
    "Country Code": "DEU"
}
{
    "Airline": "DTA",
    "Callsign": "D T A",
    "Name": "TAAG Angola Airlines",
    "Country Code": "AGO"
}
{
    "Airline": "EIN",
    "Callsign": "SHAMROCK",
    "Name": "Aer Lingus",
    "Country Code": "IRL"
}
{
    "Airline": "EJU",
    "Callsign": "ALPINE",
    "Name": "Easy Jet Europe",
    "Country Code": "AUT"
}
{
    "Airline": "ELY",
    "Callsign": "EL AL",
    "Name": "El Al Israel Airlines",
    "Country Code": "ISR"
}
{
    "Airline": "ETD",
    "Callsign": "ETIHAD",
    "Name": "Etihad Airways",
    "Country Code": "ARE"
}
{
    "Airline": "EWG",
    "Callsign": "EURO WINGS",
    "Name": "Eurowings",
    "Country Code": "DEU"
}
{
    "Airline": "EZS",
    "Callsign": "TOP SWISS",
    "Name": "EasyJet Switzerland",
    "Country Code": "CHE"
}
{
    "Airline": "EZY",
    "Callsign": "EASY",
    "Name": "EasyJet Airline",
    "Country Code": "GBR"
}
{
    "Airline": "FIN",
    "Callsign": "FIN AIR",
    "Name": "Finnair",
    "Country Code": "FIN"
}
{
    "Airline": "FPY",
    "Callsign": "PLAYER",
    "Name": "PLAY",
    "Country Code": "ISL"
}
{
    "Airline": "HFM",
    "Callsign": "MOONRAKER",
    "Name": "Hifly Malta",
    "Country Code": "MLT"
}
{
    "Airline": "IBE",
    "Callsign": "IBERIA",
    "Name": "Iberia Airlines",
    "Country Code": "ESP"
}
{
    "Airline": "KLM",
    "Callsign": "KLM",
    "Name": "KLM Royal Dutch Airlines",
    "Country Code": "NLD"
}
{
    "Airline": "LGL",
    "Callsign": "LUXAIR",
    "Name": "Luxair",
    "Country Code": "LUX"
}
{
    "Airline": "MMZ",
    "Callsign": "EURO ATLANTIC",
    "Name": "EuroAtlantic Airways",
    "Country Code": "PRT"
}
{
    "Airline": "NJE",
    "Callsign": "FRACTION",
    "Name": "Net Jets Europe",
    "Country Code": "PRT"
}
{
    "Airline": "OVA",
    "Callsign": "AERO NOVA",
    "Name": "Air Europa Express",
    "Country Code": "ESP"
}
{
    "Airline": "RAM",
    "Callsign": "ROYAL AIR MAROC",
    "Name": "Royal Air Maroc",
    "Country Code": "MAR"
}
{
    "Airline": "RYR",
    "Callsign": "RYAN AIR",
    "Name": "Ryanair",
    "Country Code": "IRL"
}
{
    "Airline": "RYS",
    "Callsign": "MAGIC SUN",
    "Name": "BUZZ",
    "Country Code": "POL"
}
{
    "Airline": "RZO",
    "Callsign": "AIR AZORES",
    "Name": "SATA Azores Airlines",
    "Country Code": "PRT"
}
{
    "Airline": "SAH",
    "Callsign": "SMART JET",
    "Name": "",
    "Country Code": "GA"
}
{
    "Airline": "SRR",
    "Callsign": "WHITE STAR",
    "Name": "Maersk Air Cargo",
    "Country Code": "DNK"
}
{
    "Airline": "SWR",
    "Callsign": "SWISS",
    "Name": "Swiss International Air Lines",
    "Country Code": "CHE"
}
{
    "Airline": "SWT",
    "Callsign": "POSTMAN",
    "Name": "Swift Air",
    "Country Code": "ESP"
}
{
    "Airline": "TAM",
    "Callsign": "TAM",
    "Name": "TAM Linhas Aereas",
    "Country Code": "BRA"
}
{
    "Airline": "TAP",
    "Callsign": "AIR PORTUGAL",
    "Name": "TAP Air Portugal",
    "Country Code": "PRT"
}
{
    "Airline": "TAY",
    "Callsign": "QUALITY",
    "Name": "ASL Airlines Belgium",
    "Country Code": "BEL"
}
{
    "Airline": "TCV",
    "Callsign": "CABOVERDE",
    "Name": "Cabo Verde Airlines",
    "Country Code": "PRT"
}
{
    "Airline": "THY",
    "Callsign": "TURKISH",
    "Name": "Turkish Airlines",
    "Country Code": "TUR"
}
{
    "Airline": "TRA",
    "Callsign": "TRANSAVIA",
    "Name": "Transavia",
    "Country Code": "NLD"
}
{
    "Airline": "TSC",
    "Callsign": "AIR TRANSAT",
    "Name": "Air Transat",
    "Country Code": "CAN"
}
{
    "Airline": "TVF",
    "Callsign": "FRENCH SUN",
    "Name": "Transavia France",
    "Country Code": "FRA"
}
{
    "Airline": "UAE",
    "Callsign": "EMIRATES",
    "Name": "Emirates Airlines",
    "Country Code": "ARE"
}
{
    "Airline": "UAL",
    "Callsign": "UNITED",
    "Name": "United Airlines",
    "Country Code": "USA"
}
{
    "Airline": "VJT",
    "Callsign": "VISTA JET",
    "Name": "Vista Jet Malta",
    "Country Code": "MLT"
}
{
    "Airline": "VLG",
    "Callsign": "VUELING",
    "Name": "Vueling",
    "Country Code": "ESP"
}
{
    "Airline": "VOE",
    "Callsign": "VOLOTEA",
    "Name": "VOLOTEA",
    "Country Code": "ESP"
}
{
    "Airline": "WUK",
    "Callsign": "WIZZ GO",
    "Name": "Wizz Air UK",
    "Country Code": "GBR"
}
{
    "Airline": "WZZ",
    "Callsign": "WIZZ AIR",
    "Name": "Wizz Air Hungary",
    "Country Code": "HUN"
}
